customer_id,first_name,last_name,email,registration_date,country
1,Danielle,Johnson,john21@example.net,2025-04-14,Mayotte
2,Christopher,Henderson,davisjesse@example.net,2023-11-09,Congo
3,Jennifer,Miles,lrobinson@example.com,2025-06-03,Albania
4,Katherine,Moore,jpeterson@example.org,2025-09-19,Guadeloupe
5,Curtis,James,melanie94@example.org,2025-04-06,Mauritania
6,David,Nielsen,arnoldmaria@example.net,2025-07-29,Guyana
7,Barbara,Bush,stanleykendra@example.org,2025-07-07,Tonga
8,Craig,Ramirez,francisco53@example.net,2024-05-03,Vietnam
9,Frances,Jones,amandasanchez@example.com,2024-07-24,Uzbekistan
10,Danielle,Hawkins,megan03@example.org,2025-05-31,Iran
11,Joseph,Clark,jason76@example.net,2024-09-20,Estonia
12,Donald,Mcgee,julie69@example.com,2024-07-11,Burundi
13,William,Davis,callahaneric@example.org,2025-05-22,Jamaica
14,Candace,Cruz,jrice@example.org,2025-03-01,Brazil
15,Erin,Herrera,kayla51@example.com,2024-09-02,Korea
16,Aaron,Bowen,teresa28@example.org,2025-07-18,French Southern Territories
17,Meagan,Romero,ericfarmer@example.net,2025-09-17,Uzbekistan
18,Alyssa,Smith,tracy15@example.com,2024-04-13,Dominican Republic
19,Natalie,Arroyo,dennislisa@example.net,2025-05-02,Brunei Darussalam
20,Donna,Arroyo,josephbrennan@example.com,2025-09-24,Vanuatu
21,Amber,Blair,jenniferross@example.net,2025-02-07,Kazakhstan
22,Rachel,Hayes,jeffreymorgan@example.net,2024-11-28,Namibia
23,Jeffrey,Jones,perezrebecca@example.com,2023-12-11,Dominica
24,Joshua,Washington,jenniferkhan@example.net,2024-09-30,Slovenia
25,Thomas,Russell,davisryan@example.com,2024-08-16,Tonga
26,Jessica,Nunez,brownjessica@example.org,2024-04-19,Comoros
27,Amanda,Taylor,joshuawright@example.org,2024-09-08,Tokelau
28,Melissa,Garcia,novaksara@example.org,2024-02-19,Libyan Arab Jamahiriya
29,Timothy,Hancock,martinaaron@example.com,2024-05-01,Slovenia
30,Kristen,Mitchell,smoore@example.org,2025-09-28,Mozambique
31,Jill,Brown,brian97@example.net,2025-08-23,Marshall Islands
32,Eric,Yu,yorkcasey@example.org,2025-02-25,Dominica
33,Richard,David,bethwilliams@example.org,2024-08-22,Myanmar
34,Annette,Stewart,james53@example.com,2024-08-05,Paraguay
35,Debbie,Bryant,smithchristine@example.net,2025-10-18,Barbados
36,Amanda,Wagner,sarahibarra@example.org,2024-07-17,Cayman Islands
37,Samuel,Daniels,cheryl80@example.net,2025-06-09,French Southern Territories
38,Sarah,Garcia,josephpreston@example.net,2024-11-28,Faroe Islands
39,Juan,Clark,james48@example.com,2024-04-21,United States of America
40,Meghan,Davis,ccalderon@example.org,2024-06-20,Bulgaria
41,Dana,Green,barnold@example.net,2023-10-28,Belarus
42,Sierra,Vazquez,amydavenport@example.net,2024-11-27,Jersey
43,David,Parker,nolanjason@example.org,2025-02-19,Guinea
44,Kimberly,Henson,vdickson@example.org,2025-08-27,Dominica
45,Michelle,Cherry,nicolejohnson@example.net,2025-08-26,Slovenia
46,Sarah,Pham,josephcobb@example.org,2024-07-26,Argentina
47,Michele,Walker,ybailey@example.org,2024-03-31,Palestinian Territory
48,James,Murphy,rasmussenjoshua@example.net,2024-10-27,Philippines
49,Tina,Herrera,wilsontara@example.org,2024-12-18,Estonia
50,Benjamin,Carlson,jessica56@example.net,2025-10-09,Brazil
51,Paul,Ray,bradley60@example.net,2025-08-27,Mauritania
52,Gloria,Bentley,michaeljones@example.net,2025-08-24,Nigeria
53,Lee,Charles,william65@example.com,2025-03-13,Micronesia
54,David,Fisher,lbyrd@example.net,2024-12-10,Iraq
55,Amy,Smith,jason99@example.net,2024-06-12,Kenya
56,Scott,Lewis,yleon@example.net,2024-02-22,Belize
57,Justin,Beck,clarence34@example.org,2025-06-01,Cameroon
58,Andrew,Sanchez,xcarr@example.org,2024-09-17,Turks and Caicos Islands
59,Crystal,Lee,psnyder@example.org,2025-02-11,Albania
60,Patricia,Dalton,osbornejeffery@example.net,2024-11-02,Australia
61,Angela,Lowery,bryantlaurie@example.net,2024-11-12,Monaco
62,Caitlin,Dodson,usalazar@example.net,2024-08-27,United States of America
63,Amy,Merritt,wcole@example.org,2025-06-25,Falkland Islands (Malvinas)
64,Katie,Boyd,joshuajones@example.com,2024-04-09,Grenada
65,Luis,Fernandez,edwardreyes@example.org,2025-03-20,Bahrain
66,Robert,Rivera,nperry@example.com,2024-07-31,Sierra Leone
67,Brandy,Dominguez,wwoods@example.com,2025-04-23,Timor-Leste
68,Patricia,Houston,tracynelson@example.com,2023-11-11,Guadeloupe
69,Elizabeth,Yates,marycalhoun@example.net,2024-11-14,United States of America
70,Phillip,Elliott,millerroy@example.com,2024-03-01,Eritrea
71,Nicholas,Lewis,matthew64@example.com,2024-04-22,Belgium
72,Thomas,Curry,cookemichael@example.net,2023-12-10,Pakistan
73,Billy,Johnson,jamessmith@example.org,2024-04-12,Lebanon
74,Elizabeth,Elliott,stevenscott@example.com,2024-02-20,New Caledonia
75,Tamara,Higgins,tamirodriguez@example.org,2025-08-30,Morocco
76,Erica,Rubio,mdavid@example.org,2024-12-26,Switzerland
77,Courtney,Garcia,melissa91@example.net,2025-05-15,Guatemala
78,Amanda,Stanley,huntermatthew@example.com,2025-06-13,Botswana
79,Ryan,Cox,bzimmerman@example.org,2025-04-09,Pakistan
80,Joseph,Morton,umarshall@example.net,2024-05-04,Timor-Leste
81,John,Michael,nicole37@example.net,2025-01-09,Hong Kong
82,Matthew,Snyder,hunter35@example.com,2024-06-25,Turkmenistan
83,Caitlyn,Beard,blackjames@example.org,2025-03-30,Liechtenstein
84,Angela,Allen,fbrewer@example.com,2025-05-22,Bermuda
85,Kelly,Sullivan,kevinperkins@example.com,2024-11-28,Guatemala
86,Ronald,Reese,michael74@example.com,2024-04-21,British Indian Ocean Territory (Chagos Archipelago)
87,Jennifer,Stewart,jamesrodgers@example.com,2025-04-02,Senegal
88,Alicia,Campbell,wallkenneth@example.com,2024-02-29,American Samoa
89,Jean,Martinez,mccannangela@example.net,2025-09-10,Northern Mariana Islands
90,Miranda,Henry,andrewstaylor@example.com,2024-06-26,Austria
91,Johnny,Hensley,shortrichard@example.org,2024-12-15,Poland
92,Brian,Hernandez,christopher31@example.net,2025-05-01,New Caledonia
93,Caitlin,Montgomery,chayes@example.com,2025-07-10,Japan
94,Kevin,Oliver,mezajared@example.org,2024-05-01,Belgium
95,Eric,Thompson,moorericky@example.net,2024-12-28,French Guiana
96,Antonio,Roberts,jacqueline71@example.net,2024-04-08,Estonia
97,Kristin,Weber,ronaldstephens@example.net,2024-02-06,Ethiopia
98,Margaret,Jones,lauralarson@example.net,2025-08-24,Kazakhstan
99,David,Barker,gbender@example.net,2024-10-15,Belgium
100,Carly,Preston,cassandra01@example.org,2025-09-23,Taiwan
101,Michelle,Matthews,keyemily@example.com,2024-12-15,Serbia
102,Katelyn,Ruiz,lmoon@example.net,2024-09-03,Suriname
103,Travis,Davis,ricky51@example.org,2024-06-18,Puerto Rico
104,Tyler,Bates,jcervantes@example.org,2024-09-17,Germany
105,Johnny,Wilson,ahancock@example.net,2025-07-17,Kyrgyz Republic
106,Robert,Lopez,cindy77@example.org,2024-03-17,Mexico
107,David,Roberts,omartinez@example.net,2025-05-27,Russian Federation
108,Eric,Pierce,hdavis@example.com,2025-09-12,Oman
109,Marilyn,Jimenez,william46@example.com,2025-10-06,Ecuador
110,Stephen,Thomas,sandraromero@example.org,2025-07-13,Falkland Islands (Malvinas)
111,Kendra,Dickerson,sarah84@example.org,2024-05-14,French Southern Territories
112,Mary,Carpenter,cgrimes@example.net,2024-10-09,Grenada
113,Andrea,Daniels,mcantu@example.net,2024-04-12,Hungary
114,Jesus,Rowe,floresthomas@example.com,2024-07-29,Panama
115,Laura,Pearson,tylerjohnson@example.net,2025-09-25,Greenland
116,Molly,Sawyer,dgarcia@example.org,2025-04-01,Ireland
117,Monica,Booker,harrisontanya@example.com,2025-01-18,Indonesia
118,Debra,Christian,ofinley@example.net,2025-07-30,Libyan Arab Jamahiriya
119,Monique,Johnson,younggabrielle@example.com,2025-10-19,San Marino
120,Christopher,Good,wallaceheather@example.org,2023-11-23,South Africa
121,Brian,Howard,hthomas@example.com,2024-12-07,Somalia
122,Hector,Thompson,pharvey@example.com,2025-08-18,Cambodia
123,Jesse,Little,ascott@example.com,2025-08-09,Philippines
124,Amy,Jones,vanessa46@example.net,2024-04-20,Tanzania
125,Kevin,Kidd,yrodriguez@example.net,2024-07-09,French Polynesia
126,Victoria,Phillips,khill@example.net,2025-05-11,Australia
127,Renee,Mcgee,kimberly39@example.com,2024-03-29,Comoros
128,Christine,Byrd,courtneyberger@example.net,2023-11-18,Solomon Islands
129,Scott,Riley,christopherphillips@example.net,2024-08-19,Cook Islands
130,David,Ryan,alyssa42@example.com,2025-08-19,Western Sahara
131,Timothy,Drake,linda71@example.org,2025-04-24,Czech Republic
132,Michelle,Ramsey,zcoffey@example.net,2024-07-14,Somalia
133,Ralph,Baker,gibsonemily@example.net,2024-04-29,Hong Kong
134,Lynn,Bentley,leonardthomas@example.net,2025-07-28,Monaco
135,Mark,Bishop,reidsteven@example.net,2024-05-28,Ireland
136,Darryl,Williams,torrestravis@example.org,2024-04-09,Mauritania
137,Derek,Chavez,umatthews@example.org,2025-07-29,Palau
138,Corey,Burns,rcrosby@example.org,2025-03-08,Cuba
139,Scott,Sampson,cory58@example.net,2024-07-09,Indonesia
140,Joshua,Donaldson,ndavis@example.net,2025-01-30,Angola
141,Brent,Cook,kristinharris@example.net,2024-03-20,Cuba
142,Lisa,Hall,kristinacarlson@example.com,2025-07-09,Cameroon
143,Vanessa,Fernandez,danieldelacruz@example.org,2023-10-31,Somalia
144,Kristina,Chapman,thompsonbrian@example.net,2024-08-23,Brazil
145,Julie,Alvarez,william17@example.net,2024-03-30,Nicaragua
146,Bradley,Logan,stephen00@example.com,2025-07-01,Japan
147,Gina,Henry,fjones@example.com,2025-01-07,Bahrain
148,David,Weber,oscar98@example.com,2024-09-16,Netherlands
149,Russell,Mcguire,farrelldebra@example.net,2025-03-30,Cuba
150,Russell,Beasley,dmorgan@example.com,2024-08-20,Bhutan
151,Larry,Edwards,nicholas27@example.org,2023-12-26,Belize
152,Christopher,Davis,lisa80@example.net,2025-09-19,Monaco
153,Mark,Martinez,morgan60@example.com,2025-01-01,Guinea
154,Dale,Romero,dianewalker@example.org,2024-07-02,Moldova
155,Michael,Farmer,lindsaybruce@example.net,2025-01-11,Norway
156,Angela,Lynch,anthony44@example.com,2024-07-03,Cocos (Keeling) Islands
157,Molly,Knight,vjones@example.net,2025-09-30,Bermuda
158,Julie,Lewis,kchavez@example.com,2024-06-04,Greece
159,Kimberly,Bradley,wareeric@example.net,2023-11-26,Belgium
160,Joseph,Stanley,alawson@example.com,2024-03-26,Malaysia
161,Daniel,Jordan,erika97@example.net,2025-02-19,Aruba
162,Jeffrey,Joyce,smithkevin@example.org,2025-05-03,Serbia
163,Jonathan,Murphy,jimenezryan@example.org,2024-07-24,Romania
164,Jerry,Hansen,charles06@example.org,2024-09-21,Belarus
165,Michelle,Johnston,amckinney@example.com,2024-01-13,Angola
166,Tammy,Jackson,xcollier@example.org,2024-09-04,Botswana
167,John,Chapman,fosterkyle@example.com,2024-03-30,Slovakia (Slovak Republic)
168,Gary,Dixon,schmidtjames@example.com,2024-07-03,Svalbard & Jan Mayen Islands
169,Debbie,Hernandez,thomasjames@example.net,2024-02-09,Senegal
170,Diana,Thompson,kmarshall@example.net,2024-09-13,Uzbekistan
171,Nicole,Day,michelle52@example.com,2023-12-09,Kenya
172,Crystal,Hogan,bellcharles@example.com,2024-09-15,Azerbaijan
173,Miguel,Mitchell,gilbertwilliam@example.com,2024-12-18,Zimbabwe
174,Latoya,Huang,kstout@example.net,2024-03-06,Netherlands
175,Thomas,Hernandez,hayeslisa@example.com,2025-10-08,Belize
176,William,Thompson,jasmineritter@example.net,2024-11-06,Cayman Islands
177,Michael,Hardin,vortiz@example.net,2024-12-31,Somalia
178,Crystal,Cook,cody64@example.com,2025-04-02,Palestinian Territory
179,Tamara,Morrison,mathewaguilar@example.org,2025-08-21,Georgia
180,Tammy,Hale,tanderson@example.org,2024-06-03,Honduras
181,Dawn,Murphy,elizabethcalderon@example.net,2025-10-18,United States Minor Outlying Islands
182,Alicia,Lucas,bromero@example.com,2024-06-02,Zambia
183,Jason,Meza,ilee@example.org,2023-12-16,Tanzania
184,Kristin,Romero,stanleynancy@example.net,2024-01-24,Honduras
185,Eric,White,jenniferwilliams@example.com,2025-02-26,Dominica
186,Tara,Bishop,pyoung@example.com,2025-09-25,Slovenia
187,Taylor,Conley,erika97@example.com,2025-05-05,Slovakia (Slovak Republic)
188,Patrick,Rose,lisasolis@example.org,2025-07-20,Austria
189,Danielle,Sawyer,dawsonzachary@example.org,2024-05-16,Serbia
190,Ethan,Cole,mariahdavis@example.org,2025-06-09,Turks and Caicos Islands
191,Michael,Johnson,sandersnathaniel@example.com,2025-10-16,Holy See (Vatican City State)
192,Jeffrey,Flores,combsdebra@example.org,2024-01-29,France
193,Samantha,Kennedy,katherineharrison@example.net,2023-10-24,Belgium
194,Andrew,Lewis,anaacosta@example.net,2024-08-25,Singapore
195,Keith,Turner,allendanielle@example.net,2024-09-19,Bouvet Island (Bouvetoya)
196,Mary,Porter,chenbailey@example.net,2024-02-02,Japan
197,Aaron,Gomez,qlopez@example.org,2024-11-06,Guyana
198,Carlos,Fox,myerstheodore@example.net,2024-07-29,Holy See (Vatican City State)
199,Jon,Smith,cooperjessica@example.net,2024-01-04,Mozambique
200,Jill,Cook,bellmatthew@example.net,2024-02-25,Slovakia (Slovak Republic)
201,Gail,Pollard,zwelch@example.org,2023-12-06,Singapore
202,Sherry,Johnson,bradleygonzalez@example.org,2024-06-07,Georgia
203,Zachary,Hays,wking@example.net,2024-03-08,Guinea-Bissau
204,Michelle,Williams,joshua56@example.com,2025-04-16,Ukraine
205,Stephanie,Morgan,tylerjimenez@example.net,2024-05-02,Belize
206,Jessica,Miller,amymorris@example.org,2024-06-16,French Polynesia
207,Kirk,Morrison,cjackson@example.com,2024-09-11,Saint Lucia
208,Molly,Gomez,yhill@example.org,2023-12-14,Northern Mariana Islands
209,Richard,Palmer,stephaniethomas@example.net,2025-02-27,Kazakhstan
210,Austin,Jones,michael90@example.net,2024-02-10,Korea
211,Stacy,Watson,berryalyssa@example.com,2024-06-06,Fiji
212,John,Wilson,victorhughes@example.net,2024-01-15,Singapore
213,Jorge,Griffin,heather73@example.org,2024-01-28,Barbados
214,Shannon,Roach,zosborn@example.net,2025-09-27,Ghana
215,Elizabeth,Mckinney,patricia22@example.com,2024-10-26,British Virgin Islands
216,Tracie,Conner,kristyjohnson@example.net,2024-12-12,Lao People's Democratic Republic
217,Linda,Arnold,jonesraymond@example.net,2025-03-29,Malta
218,Robert,Ortiz,martinezlogan@example.org,2024-09-13,Pitcairn Islands
219,Zachary,Anderson,katrinaanderson@example.net,2025-08-16,Azerbaijan
220,Marie,Holmes,fred53@example.com,2025-09-12,Maldives
221,Patty,Singleton,james84@example.org,2025-01-19,Nicaragua
222,Amanda,Shaw,brittanycarpenter@example.org,2025-02-13,Saint Helena
223,Rachel,Morgan,bryananthony@example.org,2025-09-13,Sierra Leone
224,Barbara,Curtis,bmontgomery@example.com,2025-07-31,Mayotte
225,Keith,Frye,zsanchez@example.net,2024-08-12,Korea
226,Charles,Brown,dperry@example.org,2024-06-25,Cambodia
227,Larry,Higgins,theresa25@example.net,2024-12-04,Ghana
228,John,Martinez,gwright@example.org,2024-05-20,Hungary
229,Michelle,Barnes,lisapeck@example.net,2024-06-05,Serbia
230,Erik,Ferrell,tjimenez@example.com,2023-11-06,Western Sahara
231,Phillip,Bryant,jasongomez@example.org,2024-05-13,Nepal
232,Nicole,Pena,amitchell@example.org,2024-08-31,Turkmenistan
233,Joseph,Diaz,zdiaz@example.org,2024-12-10,Congo
234,Michael,Roberts,wgordon@example.net,2024-05-12,Nigeria
235,Erin,Wilson,longlaura@example.com,2024-12-01,Haiti
236,Kari,Gonzalez,cporter@example.org,2024-01-29,Grenada
237,Linda,Stone,catherinerobertson@example.com,2025-08-31,Ghana
238,Francisco,Ewing,brittney88@example.net,2024-10-13,Mongolia
239,Kevin,Cabrera,mark16@example.net,2024-06-01,United Arab Emirates
240,Jessica,Watts,carlsonjoseph@example.net,2025-05-15,Singapore
241,Beth,Perez,silvageorge@example.net,2025-03-31,Singapore
242,Maureen,Hernandez,anthonyvaughan@example.org,2024-03-08,Kazakhstan
243,Lee,Hernandez,roberthampton@example.com,2025-07-20,Saint Pierre and Miquelon
244,Jessica,Thornton,annbolton@example.com,2024-11-08,Germany
245,Sue,Stevens,amy49@example.com,2024-03-09,Egypt
246,Joshua,Evans,kellie37@example.com,2024-10-05,Monaco
247,Sarah,Pope,keith98@example.com,2025-08-05,Indonesia
248,Loretta,Blevins,kellyroberts@example.net,2023-12-17,Uzbekistan
249,Scott,Scott,ilewis@example.com,2025-09-02,Qatar
250,Joseph,Rodriguez,johnsantiago@example.net,2024-04-02,Djibouti
251,Brian,Gutierrez,xgarcia@example.org,2023-10-24,Mexico
252,Tiffany,Moore,mwoods@example.com,2024-06-11,Oman
253,Brian,Mack,amandasharp@example.org,2025-08-18,China
254,Robert,Monroe,osbornrandy@example.com,2024-03-05,San Marino
255,Suzanne,Howe,smithashley@example.org,2025-08-29,Grenada
256,Justin,Hays,ismall@example.net,2024-09-27,Congo
257,Lisa,Rivera,twong@example.org,2023-10-31,Guadeloupe
258,Krystal,Bradley,gregorychase@example.com,2025-06-16,Malaysia
259,Mark,Morales,lopezdonald@example.com,2025-09-04,Albania
260,Jose,Young,stephanie49@example.net,2024-12-12,Eritrea
261,Desiree,Schwartz,contrerassteven@example.org,2024-08-12,Macao
262,Sandra,Barron,hannah45@example.net,2024-03-30,Burkina Faso
263,Timothy,Gibson,robert87@example.net,2025-05-29,Sweden
264,Jeffery,Wright,foxallison@example.com,2023-12-17,Mongolia
265,Daniel,Poole,ashleyhernandez@example.com,2025-07-06,Kenya
266,Darren,Harris,gdavis@example.com,2025-06-03,Korea
267,David,Perry,hansenemily@example.com,2025-04-01,Indonesia
268,Jonathan,Smith,bethwilliams@example.com,2025-03-15,Mauritius
269,Virginia,Michael,andersenthomas@example.com,2024-08-14,Seychelles
270,Derek,May,ybrooks@example.com,2025-07-17,United States of America
271,Nicholas,Miller,desireebailey@example.org,2025-10-15,India
272,Allison,Luna,maryavila@example.com,2024-09-23,Saint Helena
273,Amy,Patel,johnreed@example.com,2024-03-06,Turkey
274,Jessica,Rodriguez,bmendez@example.org,2024-03-19,Bolivia
275,Brittney,Griffin,sanchezbradley@example.com,2024-04-09,Cuba
276,Karen,Parsons,williamroberts@example.net,2024-12-15,Morocco
277,Carla,Chambers,joel28@example.org,2024-08-18,Falkland Islands (Malvinas)
278,Bruce,Fry,conniesimmons@example.com,2023-11-24,Guatemala
279,Shelly,Powers,heather62@example.com,2024-07-22,Saudi Arabia
280,Amanda,Allen,kevinzimmerman@example.com,2025-08-19,Monaco
281,Robert,Butler,paulscott@example.com,2025-02-04,Uzbekistan
282,Shannon,Watson,brettbennett@example.net,2025-01-03,Tunisia
283,Charles,Ballard,timothybooth@example.com,2024-05-29,United States of America
284,Alexis,Giles,burgesskaren@example.org,2025-03-12,Romania
285,James,Herman,kimberly67@example.net,2025-02-06,Gambia
286,Jose,Hunt,zowens@example.net,2024-09-28,Taiwan
287,Luke,Harris,robert93@example.net,2024-02-04,Eritrea
288,Angela,Silva,mphillips@example.com,2024-04-06,Montenegro
289,Martha,Porter,jonathan77@example.com,2024-02-20,South Africa
290,Michael,Taylor,iwhite@example.net,2025-09-19,Malta
291,Arthur,Bradford,duranrobert@example.net,2024-04-07,Russian Federation
292,Edward,Robinson,nbrooks@example.net,2025-02-19,Nicaragua
293,Roberta,Hopkins,smithandrea@example.org,2023-11-02,Saint Helena
294,Joshua,Madden,shawheidi@example.com,2025-06-01,United States of America
295,Harry,Hull,johnharvey@example.com,2025-06-07,Ethiopia
296,Laura,Miller,pstevens@example.net,2024-04-03,Poland
297,Maria,Miller,davisnicholas@example.net,2024-10-02,Northern Mariana Islands
298,Albert,Jackson,pbruce@example.com,2024-12-07,Togo
299,Terri,Jacobson,hallrachel@example.net,2025-07-30,Lebanon
300,Joseph,Glass,rachel90@example.org,2025-08-29,Germany
301,Alexis,Clark,karenmarquez@example.com,2025-08-30,French Southern Territories
302,Francisco,Allen,irhodes@example.com,2024-07-27,Saint Vincent and the Grenadines
303,Donald,Hinton,masonterri@example.org,2023-12-31,Djibouti
304,Mary,Peterson,unovak@example.org,2025-01-26,Slovenia
305,Victoria,Henry,angela66@example.org,2025-02-28,Panama
306,Norman,Barton,lauren11@example.com,2024-02-10,Rwanda
307,Kristen,Moore,gstewart@example.org,2023-10-24,Gambia
308,Sean,Juarez,andersonjacob@example.com,2024-12-01,Malaysia
309,Ricky,Johnson,angela99@example.com,2025-07-13,American Samoa
310,Kelly,Hughes,hardyanita@example.org,2024-12-12,Chile
311,Gina,Jackson,kevin72@example.org,2024-02-20,Falkland Islands (Malvinas)
312,Robert,Washington,wardsheryl@example.net,2025-01-19,Nepal
313,Christina,Ellis,kevinrush@example.com,2025-06-27,Hong Kong
314,Linda,Rivera,ryan92@example.com,2024-06-11,Yemen
315,Heather,Mendoza,tamaranovak@example.com,2025-04-10,North Macedonia
316,Travis,Johnston,markramirez@example.com,2024-07-13,Venezuela
317,Anne,Vargas,erinpierce@example.net,2024-09-22,Russian Federation
318,Jason,Salinas,fuenteslaura@example.com,2025-02-23,Burundi
319,Cynthia,Allen,jennifermccormick@example.org,2024-09-13,Netherlands Antilles
320,Timothy,Morales,ystephens@example.com,2025-03-16,Sudan
321,Amanda,Little,rodriguezjohn@example.net,2024-07-06,Oman
322,Cheyenne,Hart,vrasmussen@example.com,2024-01-06,Bolivia
323,Jonathan,Dixon,seanmyers@example.net,2024-12-24,Macao
324,Edward,Cuevas,agarcia@example.org,2024-01-13,Wallis and Futuna
325,Jessica,Bailey,stanley38@example.com,2024-07-01,Bhutan
326,Samuel,Horton,carlos01@example.org,2025-07-02,Oman
327,Daniel,Marsh,zacharyarnold@example.com,2024-12-03,Kyrgyz Republic
328,Jesse,Sullivan,jacobsandoval@example.com,2023-11-11,Nicaragua
329,Nicole,Cole,tprice@example.org,2024-03-19,Sao Tome and Principe
330,Jane,Flynn,lloydamanda@example.com,2024-06-15,Kuwait
331,Daniel,Lambert,orose@example.com,2024-12-30,New Zealand
332,Philip,Wilson,megan92@example.net,2025-03-20,French Southern Territories
333,Samantha,Lawrence,lawrenceallen@example.org,2024-03-02,Puerto Rico
334,Donald,Price,baileyhenderson@example.com,2025-01-27,Puerto Rico
335,Samantha,Arias,angelaburns@example.org,2024-03-05,Tajikistan
336,Shannon,Brown,stephanie72@example.org,2025-06-07,Monaco
337,William,Simpson,cperry@example.com,2024-02-20,Mongolia
338,Anthony,Juarez,antonio38@example.com,2024-02-20,Kuwait
339,Ariel,Barton,hdunn@example.net,2024-01-12,Singapore
340,Amy,Ritter,wolfscott@example.org,2025-10-13,Bosnia and Herzegovina
341,Jill,Valdez,kennethkidd@example.com,2024-04-30,Tokelau
342,Lisa,Gonzales,rowejoel@example.net,2024-12-23,Guernsey
343,Michelle,Bishop,imartin@example.org,2025-06-06,Sri Lanka
344,Brian,Bell,candice25@example.net,2024-05-21,Montserrat
345,Joseph,Hodge,taylorkaren@example.com,2025-08-22,Falkland Islands (Malvinas)
346,Michelle,Martinez,johndawson@example.org,2025-04-29,Philippines
347,Philip,Thomas,courtney67@example.org,2025-01-26,Turkmenistan
348,Kayla,Powell,heather57@example.com,2024-06-16,Afghanistan
349,Misty,Boone,simonstephen@example.net,2025-03-13,Thailand
350,Bryan,Ferguson,tammysummers@example.com,2024-05-04,Switzerland
351,Justin,Kelley,ashleewashington@example.com,2025-08-04,Serbia
352,Brandon,Garcia,ksmith@example.com,2024-09-18,Japan
353,James,Barker,nicoleturner@example.com,2023-12-28,Guyana
354,John,Watson,brettgarrett@example.net,2025-03-15,Djibouti
355,Ruben,Davis,smiththomas@example.org,2024-12-27,Maldives
356,Erin,Smith,lisa62@example.com,2023-12-11,Hungary
357,Christopher,Shaffer,edwardsnicole@example.org,2024-07-26,Suriname
358,Karen,Anderson,caseyelliott@example.net,2025-02-07,Kazakhstan
359,Michael,Lewis,samanthajensen@example.com,2025-07-10,Benin
360,Peggy,Taylor,lawrencepatrick@example.com,2024-06-06,Burundi
361,John,Newman,angelagreene@example.net,2024-05-16,Wallis and Futuna
362,Hannah,Abbott,jamie98@example.org,2025-04-19,French Polynesia
363,Debbie,Bowers,troyrodriguez@example.com,2025-01-29,Barbados
364,Allison,Levine,sarah26@example.net,2024-08-23,Mayotte
365,Felicia,Farmer,smithcarlos@example.com,2024-03-26,Uzbekistan
366,Bruce,Mccormick,courtney86@example.com,2025-03-17,Belize
367,Danielle,Medina,joshuacollins@example.net,2025-08-24,Sri Lanka
368,Eric,Murphy,collinssamuel@example.org,2023-12-02,Benin
369,Sandy,Wilson,parkerjudith@example.net,2024-02-26,American Samoa
370,Jean,Miles,tylerreed@example.net,2025-05-15,Saint Helena
371,Jonathon,Watson,jessica10@example.com,2025-06-01,Faroe Islands
372,Alexandria,Baker,crawfordwilliam@example.org,2024-10-20,Montenegro
373,Garrett,Moore,shannonemily@example.org,2024-04-04,Malawi
374,Aaron,Trevino,sanchezthomas@example.com,2025-08-23,Christmas Island
375,Sarah,Mathews,pwalker@example.com,2025-08-20,Ghana
376,Joseph,Miller,david02@example.org,2025-05-30,Aruba
377,Stephanie,Jones,xcline@example.com,2024-06-16,Micronesia
378,Stephen,Wood,anne49@example.org,2024-09-24,Nauru
379,Teresa,Cuevas,jessicapayne@example.org,2024-02-08,Venezuela
380,Robert,Hall,cynthia05@example.org,2025-04-27,Honduras
381,Melinda,Acosta,harristonya@example.com,2024-10-14,Bahamas
382,Teresa,Thomas,christopher38@example.com,2025-03-16,Holy See (Vatican City State)
383,Stephen,Adkins,wagnerdana@example.com,2023-12-14,Montenegro
384,Bryan,Bates,joelgreen@example.com,2025-08-27,India
385,Jaclyn,Moss,shawn31@example.org,2024-01-28,Sierra Leone
386,Brenda,Moore,shannonedwards@example.org,2024-11-15,Sierra Leone
387,Jared,Parker,melissa12@example.net,2024-05-30,Romania
388,Heidi,Williams,eddie35@example.com,2024-10-30,Philippines
389,Kent,Wilkins,anthonysullivan@example.com,2024-11-30,Mexico
390,John,Murray,davidbrown@example.org,2024-01-24,Swaziland
391,Richard,Parks,aguilarjonathan@example.org,2023-11-05,Bahrain
392,James,Brewer,christopherboone@example.com,2024-01-18,Western Sahara
393,Steven,Jackson,zunderwood@example.com,2023-11-11,Pitcairn Islands
394,Ronald,Gomez,joshuagriffin@example.org,2023-11-15,Niger
395,Christina,Holland,jjenkins@example.com,2023-12-04,Fiji
396,Patrick,Barnes,crystalpham@example.org,2025-10-13,Slovenia
397,Jennifer,Castillo,kcooper@example.net,2024-06-12,Faroe Islands
398,Hector,Flores,anthonycochran@example.com,2023-12-02,Latvia
399,Alyssa,Wang,terrigarcia@example.net,2024-04-14,Martinique
400,Lisa,Stark,gallagherstacie@example.net,2025-06-30,South Georgia and the South Sandwich Islands
401,Paul,Mcconnell,gregorywatkins@example.net,2025-03-13,United States Minor Outlying Islands
402,Brittany,Warner,stacey92@example.net,2025-09-13,Taiwan
403,Vanessa,Keith,lweaver@example.com,2023-11-17,Azerbaijan
404,Jesse,Robinson,nsmith@example.org,2025-06-01,Guam
405,Jennifer,Sellers,brian29@example.net,2025-08-21,Singapore
406,Daniel,Fox,susan56@example.net,2024-01-02,Gabon
407,Marcus,Daugherty,fconner@example.net,2024-06-08,Russian Federation
408,Tanya,Steele,jeffrey92@example.com,2024-06-01,Portugal
409,Kelly,Thompson,rushstacy@example.com,2025-07-03,Sierra Leone
410,Tammy,Johnson,samantha93@example.net,2024-12-07,Vietnam
411,Tyler,Rivera,youngtoni@example.org,2025-01-28,Benin
412,Lorraine,Santiago,sean43@example.org,2025-03-10,Guernsey
413,Jonathan,Rodriguez,williamssamuel@example.com,2025-09-28,Turks and Caicos Islands
414,Robert,Macias,amy17@example.net,2025-02-07,Poland
415,Jeremiah,Hayes,phillipslucas@example.org,2023-12-14,Chile
416,Pamela,Martin,paynerachael@example.org,2024-06-24,Nicaragua
417,Patricia,Bush,kdunlap@example.net,2025-08-01,Cayman Islands
418,Brian,Rivera,robertspencer@example.net,2024-11-18,Panama
419,Juan,Young,longandrea@example.com,2024-02-10,Guyana
420,Adam,Miller,bgonzalez@example.org,2024-02-22,French Guiana
421,Tiffany,Wells,parkerraymond@example.com,2025-08-05,Estonia
422,Christopher,Stephens,nathanjames@example.org,2024-09-10,Estonia
423,Scott,Baker,anne21@example.org,2025-02-20,Sri Lanka
424,Amber,Arellano,angelarandall@example.net,2024-08-22,Mauritania
425,Gloria,Mayer,thomasmiller@example.net,2023-11-15,Montserrat
426,Rachel,Mcbride,davidtodd@example.org,2025-09-13,Chad
427,Teresa,Stokes,bradmiller@example.net,2024-09-03,Swaziland
428,Courtney,Flowers,luis11@example.com,2024-11-30,Micronesia
429,Mark,Hill,astark@example.net,2025-01-18,Mali
430,Kimberly,Rodriguez,eddiematthews@example.org,2025-08-27,Mongolia
431,Kimberly,Floyd,natalie46@example.net,2024-10-09,New Caledonia
432,Thomas,Jackson,mthomas@example.net,2025-03-11,Argentina
433,Randy,Koch,brandonalvarez@example.com,2025-08-06,Angola
434,Matthew,Leon,juan71@example.org,2024-01-27,Samoa
435,Scott,Petersen,jessica91@example.org,2024-09-07,United States Minor Outlying Islands
436,Madison,Figueroa,lori82@example.org,2024-06-04,Madagascar
437,Richard,Deleon,thompsonnancy@example.org,2025-06-23,Egypt
438,Antonio,Williams,janet45@example.com,2024-10-24,North Macedonia
439,Sandra,Maldonado,nathanwheeler@example.org,2025-09-22,Lebanon
440,Brenda,Bailey,marygreen@example.net,2023-12-26,Antarctica (the territory South of 60 deg S)
441,Paul,Martin,mercedesholland@example.net,2024-03-20,Pakistan
442,Robert,Smith,wellsdavid@example.org,2025-01-02,Algeria
443,Jeffrey,Franklin,jennifer46@example.com,2025-07-04,Kuwait
444,Johnathan,Owens,asilva@example.net,2025-10-20,Tajikistan
445,Mary,Hoffman,kenneth17@example.org,2024-06-22,Falkland Islands (Malvinas)
446,Danielle,Hensley,diana43@example.org,2024-11-02,Dominican Republic
447,Rachel,Trujillo,rguerrero@example.org,2025-03-31,Palau
448,Tyler,Phillips,vsullivan@example.org,2024-12-20,Montserrat
449,Lisa,Cooper,ginalittle@example.com,2025-08-13,Paraguay
450,Michael,Evans,marywalter@example.org,2024-05-22,Latvia
451,David,Green,staceylam@example.net,2023-12-25,Guinea
452,Jeffrey,Savage,vfrench@example.com,2024-04-28,French Polynesia
453,Steven,Wilson,delacruzbrandy@example.net,2023-12-12,Tuvalu
454,James,Wilson,amoreno@example.org,2025-07-18,Canada
455,Derrick,Gonzalez,dbenitez@example.org,2024-06-08,Saint Barthelemy
456,Henry,Miller,crystal25@example.net,2023-12-02,Korea
457,Joshua,Juarez,barbaramoore@example.org,2024-01-23,Jordan
458,Cynthia,Powell,creyes@example.net,2024-03-14,Holy See (Vatican City State)
459,Stephanie,Mcclain,andrewsmith@example.net,2024-04-19,Puerto Rico
460,Natalie,Collins,reyesbrianna@example.org,2023-12-07,Aruba
461,Kenneth,Carter,ryan25@example.com,2024-07-09,Comoros
462,Frederick,Meadows,osmith@example.net,2025-10-09,Croatia
463,Jessica,Lawrence,daviddawson@example.org,2024-07-21,Northern Mariana Islands
464,Jonathan,Nichols,wheelerbrandon@example.org,2025-02-09,Angola
465,Brandon,Wilson,jjames@example.com,2024-10-01,Cape Verde
466,Jamie,Jennings,turnerdorothy@example.net,2024-11-04,Nigeria
467,Catherine,Taylor,huntchristine@example.com,2024-01-12,Botswana
468,Tyler,Lynch,marie35@example.net,2024-08-15,Central African Republic
469,Benjamin,Crawford,haleycastillo@example.org,2023-10-23,Paraguay
470,Christopher,Rodriguez,fhernandez@example.net,2023-12-14,Saint Kitts and Nevis
471,Craig,Scott,stephenmadden@example.com,2024-09-24,Bolivia
472,Lisa,Sawyer,michael56@example.net,2024-01-13,Thailand
473,Katherine,Williams,elizabethjackson@example.com,2025-08-04,Zimbabwe
474,Christy,Johns,watsonmatthew@example.org,2024-08-08,Korea
475,Joseph,Cruz,pmarsh@example.org,2024-01-11,Qatar
476,Jessica,Jarvis,dalepruitt@example.com,2025-05-29,Philippines
477,Samuel,Carr,cheryl27@example.com,2024-01-11,Isle of Man
478,Scott,Brown,alexander89@example.net,2024-12-07,Zimbabwe
479,Elizabeth,Morgan,reynoldsjessica@example.com,2024-06-29,Philippines
480,Darlene,Hernandez,smithsarah@example.net,2025-07-02,Timor-Leste
481,Tyler,Martin,vflores@example.com,2023-11-26,Czech Republic
482,Andrea,Gray,christianwallace@example.net,2024-09-12,Togo
483,Vernon,Stewart,bmcgee@example.org,2024-08-10,Argentina
484,Angela,Smith,connersylvia@example.net,2024-05-30,Malawi
485,Anna,Pena,xclements@example.org,2025-06-08,Tanzania
486,Shawn,Castro,xmoran@example.net,2024-09-15,Bhutan
487,Katherine,Walker,michael48@example.net,2024-07-20,Botswana
488,Brandon,Martin,lydianewton@example.com,2024-01-07,New Zealand
489,James,Martinez,ylewis@example.org,2025-03-27,Botswana
490,Katherine,Williams,bartonshannon@example.net,2024-12-24,Madagascar
491,Dennis,Porter,tranryan@example.net,2024-10-08,Malawi
492,Kimberly,Kent,jessicaanderson@example.com,2025-02-12,New Caledonia
493,Nicole,Gordon,mbarnes@example.net,2025-04-30,Falkland Islands (Malvinas)
494,Raymond,Cooper,shawn22@example.com,2025-01-03,Turks and Caicos Islands
495,Kaitlyn,Evans,jennifer83@example.org,2024-03-22,Rwanda
496,Kelly,Reed,tinasantos@example.org,2024-10-23,Puerto Rico
497,Dana,Page,anna99@example.net,2025-03-23,Peru
498,Julie,Skinner,natalie60@example.net,2024-01-06,Hong Kong
499,Dustin,Santiago,josephfloyd@example.com,2025-03-03,Cameroon
500,Mary,Vaughn,james80@example.com,2025-06-07,Bosnia and Herzegovina
501,Christina,Lowe,juliahoffman@example.org,2024-10-28,South Africa
502,Lauren,Roberts,housepaul@example.net,2024-06-05,Micronesia
503,Brian,Manning,christinenorman@example.com,2025-06-18,United States Minor Outlying Islands
504,Cynthia,Mckinney,kari89@example.org,2025-05-10,Congo
505,Kelly,Thompson,lopezglenn@example.net,2024-01-16,Armenia
506,Roy,Hawkins,eugenesingleton@example.org,2024-06-18,Russian Federation
507,Sharon,Williams,candice94@example.com,2025-05-20,Mexico
508,Michael,Bowers,alicia28@example.org,2025-05-17,Cayman Islands
509,Robert,Herrera,baileynicole@example.net,2024-06-19,Guyana
510,Kelly,Clements,wbarajas@example.net,2023-10-27,Paraguay
511,Michael,Allen,susanfleming@example.com,2024-07-25,South Africa
512,Sierra,Cruz,angel85@example.net,2025-05-29,Kiribati
513,Tommy,Phillips,lukemiller@example.org,2024-02-20,Zimbabwe
514,Kerri,Ferguson,clarkcrystal@example.org,2025-07-14,Jamaica
515,Mary,Harris,elucas@example.net,2025-03-05,Anguilla
516,Stephen,Rivera,jonesgregory@example.com,2024-12-01,Morocco
517,Lorraine,Bartlett,ohughes@example.com,2024-09-01,Andorra
518,Perry,Wilson,maychristine@example.net,2024-12-22,Reunion
519,Melanie,Howard,robertsgina@example.net,2023-12-23,Serbia
520,Sara,James,wellsamanda@example.org,2025-04-18,South Africa
521,Lauren,Gardner,kennetheaton@example.net,2025-02-05,Zambia
522,Alex,Baxter,davidsmith@example.net,2024-08-04,Mexico
523,Stacey,Torres,jason82@example.org,2024-03-03,Nicaragua
524,Mary,Lee,emilybradley@example.org,2025-07-04,Venezuela
525,Veronica,Dunn,robertscarlos@example.org,2024-03-13,Mozambique
526,Tony,Rivera,emilyyoung@example.com,2025-01-15,United Arab Emirates
527,James,Tucker,christina49@example.org,2024-12-07,Haiti
528,Lindsey,Benjamin,adamsanchez@example.org,2025-03-24,Norway
529,Ryan,Larsen,erinrivera@example.com,2024-09-23,Guinea-Bissau
530,Kim,Tucker,thompsoncatherine@example.com,2025-07-09,Burundi
531,Patricia,Gonzalez,lunapatricia@example.net,2025-01-24,Suriname
532,Bonnie,Sullivan,rebeccaarnold@example.net,2025-08-04,Mauritius
533,Thomas,Rowe,philip94@example.org,2024-09-24,Malawi
534,Christopher,Cox,batesmelanie@example.net,2025-03-04,Saudi Arabia
535,Willie,Griffin,ashleyknight@example.org,2025-04-10,Liberia
536,Sheila,Williams,qhall@example.com,2024-04-09,Paraguay
537,Jamie,Velez,paul70@example.org,2025-10-06,Gibraltar
538,Dakota,Schmitt,mary49@example.net,2024-12-10,Honduras
539,Desiree,Diaz,blacknicholas@example.org,2024-11-01,Guinea
540,Lisa,Reed,aeaton@example.net,2025-07-26,Kazakhstan
541,Gabriel,Jones,jason22@example.com,2025-01-03,Svalbard & Jan Mayen Islands
542,David,Hall,jennifer77@example.com,2024-03-23,Central African Republic
543,Deborah,Jenkins,bradleyberry@example.org,2024-01-27,Malaysia
544,Benjamin,Armstrong,jacksonsandra@example.net,2025-09-20,Netherlands Antilles
545,Tanya,Walsh,stacey37@example.net,2025-10-15,Trinidad and Tobago
546,Timothy,Robinson,yburke@example.net,2025-06-11,Cocos (Keeling) Islands
547,Cindy,Dixon,jennifercooper@example.com,2024-12-30,Bangladesh
548,Jerry,Cruz,smithalexandra@example.net,2025-03-04,Sweden
549,Edward,Davis,mvalenzuela@example.org,2025-07-23,Martinique
550,Wesley,Wilson,mhopkins@example.net,2025-06-16,Ukraine
551,Sharon,Gregory,xboyd@example.org,2025-03-13,Japan
552,Jerome,Lang,zbell@example.net,2025-08-14,Taiwan
553,Heather,Davis,jonathancannon@example.org,2024-05-15,Turkey
554,Amy,Scott,fletcherkristine@example.net,2024-11-05,Mali
555,Adrian,Pena,robert12@example.com,2025-02-08,El Salvador
556,Jose,Herrera,cheryl63@example.com,2024-11-27,Moldova
557,Timothy,Wood,tking@example.net,2024-06-28,Romania
558,Raymond,Taylor,adkinssean@example.net,2025-09-13,Bolivia
559,Jason,Morales,lauren90@example.org,2024-07-31,North Macedonia
560,Adam,Davis,thomasburke@example.org,2023-12-06,Cyprus
561,Nathan,Lynch,zarias@example.net,2025-02-11,France
562,Jennifer,Harper,daniellegonzales@example.org,2025-07-03,Venezuela
563,Linda,Mitchell,bowerswilliam@example.net,2024-04-07,Chile
564,Emily,Ward,cantrellchristopher@example.com,2025-05-12,Guinea
565,Elizabeth,Sullivan,aprilmclaughlin@example.org,2025-08-22,Mexico
566,Justin,Gallegos,michael43@example.net,2025-09-23,Korea
567,Sarah,Andrews,gregory81@example.net,2023-12-12,French Polynesia
568,Matthew,Wilson,nancy94@example.net,2024-09-08,Honduras
569,Anna,Carrillo,susan77@example.net,2025-07-12,Liberia
570,Darren,Jones,ericahall@example.com,2024-08-17,Guinea
571,Zachary,Smith,john16@example.net,2025-04-20,Guam
572,Charles,Velazquez,nedwards@example.net,2024-05-04,Yemen
573,Julie,Conrad,victorgonzalez@example.net,2024-04-14,Estonia
574,Jamie,Harris,marykelly@example.org,2024-01-16,Belgium
575,Emma,Alvarado,duranamber@example.org,2025-07-01,Holy See (Vatican City State)
576,Christine,Vasquez,travis84@example.com,2024-03-31,Morocco
577,David,Fox,imendoza@example.org,2024-10-22,India
578,Michelle,Parsons,sbray@example.net,2024-09-21,Portugal
579,Alan,Craig,ucarpenter@example.com,2025-01-10,Eritrea
580,Jacob,Baker,thomas95@example.com,2024-03-03,Jamaica
581,Jason,Haynes,michael64@example.com,2024-02-29,Bulgaria
582,Tiffany,Parks,lelinda@example.net,2024-08-31,Hong Kong
583,James,Marsh,thomassmith@example.com,2024-10-20,Uganda
584,Melissa,Holmes,kristen44@example.net,2025-07-09,Australia
585,Raymond,Vaughn,lewisjonathan@example.net,2023-12-30,Samoa
586,Matthew,Ward,maurice61@example.com,2025-07-16,New Caledonia
587,James,Johnston,tiffanymitchell@example.com,2025-02-24,Libyan Arab Jamahiriya
588,Kim,Griffin,jamesjustin@example.net,2025-09-19,Trinidad and Tobago
589,Gary,Morton,robert99@example.com,2025-07-02,Barbados
590,Christian,Cooper,logan44@example.net,2025-02-03,Faroe Islands
591,Pam,Norman,julie87@example.com,2024-02-20,Timor-Leste
592,Andrew,Luna,shelby13@example.org,2024-08-06,Bhutan
593,Caleb,Johns,johnsonrandy@example.org,2024-01-04,Niger
594,Eric,Pena,pparker@example.net,2024-05-15,Niue
595,David,Rose,anthonyalvarado@example.com,2025-07-13,Lao People's Democratic Republic
596,Theresa,Fernandez,amy28@example.org,2024-12-25,Korea
597,Crystal,Fields,omills@example.net,2024-06-03,Guatemala
598,Timothy,Perez,ramosmichael@example.com,2024-02-11,Algeria
599,Aaron,Ochoa,mauriceharrison@example.org,2025-03-06,Liechtenstein
600,Stacey,Woods,cannonlauren@example.net,2024-04-07,Albania
601,Amy,Lopez,kfoster@example.net,2025-04-11,Iceland
602,Maria,Walker,hendersonjohn@example.net,2025-06-02,Poland
603,Joseph,Wong,robert12@example.org,2024-05-19,Northern Mariana Islands
604,Stanley,Chavez,blopez@example.org,2023-11-26,Martinique
605,Andrew,Compton,joseph70@example.org,2023-12-25,American Samoa
606,Tristan,Peterson,kristi75@example.com,2025-03-13,Antigua and Barbuda
607,Mark,Bridges,brianrowe@example.org,2024-11-21,Cocos (Keeling) Islands
608,James,Skinner,hclayton@example.net,2024-04-19,Sierra Leone
609,Theresa,Wright,gonzalezjill@example.org,2024-11-04,Cote d'Ivoire
610,Thomas,Maldonado,sharon20@example.net,2025-09-05,Mali
611,David,Olson,james03@example.org,2024-04-10,Jordan
612,Mark,Jackson,brenda63@example.org,2025-09-28,Mozambique
613,Kristen,Alvarez,nathandavis@example.org,2024-10-20,Poland
614,Christine,Galvan,browndeanna@example.net,2024-11-16,Botswana
615,David,Hall,linda73@example.org,2025-03-07,Guinea-Bissau
616,Jennifer,King,washingtonsamuel@example.com,2024-11-20,Liechtenstein
617,James,Lopez,mario74@example.net,2025-08-19,Micronesia
618,Ethan,Schmidt,qphillips@example.net,2024-07-15,Afghanistan
619,Kimberly,Hunter,nicoleharvey@example.com,2025-05-10,Dominican Republic
620,Malik,Brown,rlee@example.com,2025-05-02,Cape Verde
621,Chloe,Morris,daniel81@example.org,2025-06-22,Bulgaria
622,Gregory,Johnson,washingtoncorey@example.net,2025-02-01,Iceland
623,Diane,Fox,brandon39@example.net,2023-12-11,Venezuela
624,Samantha,Rios,mcdonalddanielle@example.com,2024-12-01,Wallis and Futuna
625,Pamela,Short,colonjoseph@example.org,2025-04-09,Syrian Arab Republic
626,Kevin,Blackburn,garciajerry@example.com,2024-03-07,Malta
627,Diane,Hudson,angelagrant@example.net,2024-01-06,Northern Mariana Islands
628,Barbara,Craig,kandrade@example.org,2024-11-26,Madagascar
629,Matthew,Moore,umahoney@example.net,2025-10-14,Greece
630,Megan,Gutierrez,umckenzie@example.net,2024-04-13,Mayotte
631,Jason,Cannon,michael77@example.com,2023-10-21,Antigua and Barbuda
632,Tonya,Larson,victoriaturner@example.com,2025-10-09,Croatia
633,Melissa,Smith,samantha88@example.net,2025-08-27,Cape Verde
634,Clinton,Stevens,devonrichardson@example.net,2024-04-20,Equatorial Guinea
635,Lisa,Davis,ncarroll@example.net,2023-12-16,Greece
636,Laura,Thompson,larsonkevin@example.net,2025-06-02,Hong Kong
637,Christian,Brown,michael66@example.org,2025-07-17,Denmark
638,Julie,Atkinson,walterscrystal@example.org,2024-05-30,Armenia
639,Luis,Cunningham,wayne32@example.org,2025-02-24,India
640,Tasha,Mullins,walkerkeith@example.com,2024-02-06,Guadeloupe
641,Christopher,Duncan,kelleyjose@example.com,2024-10-21,Singapore
642,Heidi,Gill,fhansen@example.com,2025-02-08,Congo
643,Ann,Shea,johnadams@example.com,2024-06-13,Uzbekistan
644,Barbara,Rodriguez,whenderson@example.org,2024-06-11,Nepal
645,Diana,Carrillo,vanessajensen@example.com,2025-01-18,Kazakhstan
646,Brady,Meyers,ginamoore@example.net,2025-07-05,Bouvet Island (Bouvetoya)
647,Jodi,Sanchez,mistywilkins@example.org,2024-06-27,Spain
648,Daniel,Cole,riverajody@example.org,2024-03-17,Mali
649,Karen,Dunn,heatherbarnett@example.com,2024-12-20,Panama
650,Alison,Scott,campbellkristina@example.net,2024-05-06,Lao People's Democratic Republic
651,Diana,Smith,qguerrero@example.net,2024-07-10,Botswana
652,Andrew,Dillon,yhall@example.net,2025-10-03,Bolivia
653,Rebecca,Washington,lopezvincent@example.com,2024-12-03,Rwanda
654,Andrew,Wright,matthew62@example.org,2024-06-30,Guinea
655,Michael,Turner,lisa46@example.org,2025-09-10,Yemen
656,Joshua,Hernandez,fsandoval@example.net,2024-07-26,Philippines
657,Cheyenne,Garrett,robertberry@example.com,2025-09-29,United States of America
658,Catherine,Cole,jamietaylor@example.net,2025-03-04,Cook Islands
659,Michelle,Parker,russellstout@example.org,2025-02-11,Mongolia
660,Sally,Stewart,whitemary@example.org,2025-04-04,Serbia
661,Lucas,Dudley,vturner@example.net,2025-09-02,Falkland Islands (Malvinas)
662,Edwin,Lopez,jackfarmer@example.net,2025-01-13,New Caledonia
663,Ashley,Hall,jerryjohnson@example.org,2025-03-07,Lesotho
664,Dennis,Mathis,xjoseph@example.org,2025-07-04,Liechtenstein
665,Thomas,Martin,antonioduran@example.org,2025-08-27,Zambia
666,Robert,Newton,katherinejones@example.com,2025-07-15,Liechtenstein
667,Hailey,Delacruz,ronaldparsons@example.net,2025-04-10,Hong Kong
668,Jennifer,Long,meyershannon@example.org,2025-07-23,Ecuador
669,April,Foster,grantzachary@example.net,2025-09-23,Comoros
670,Kelly,Sanders,kim47@example.org,2024-08-24,New Zealand
671,Samantha,Vaughn,stevenlucas@example.org,2025-04-01,Bouvet Island (Bouvetoya)
672,Hector,Richards,phillipmorris@example.org,2024-02-28,Nauru
673,Peggy,Huang,udavis@example.net,2025-02-06,Rwanda
674,Laura,Higgins,davisjasmin@example.net,2024-07-12,Malta
675,Jasmine,Acosta,nicholasjames@example.org,2025-08-17,Mongolia
676,Monica,Huffman,mistywhite@example.net,2023-11-27,Gambia
677,Kyle,Mack,lroberts@example.org,2025-08-07,Cook Islands
678,Adam,Cannon,ellismelissa@example.net,2025-06-02,New Caledonia
679,Nicole,Young,cchavez@example.org,2025-01-02,Albania
680,John,Kelley,brandonhernandez@example.net,2024-07-02,Cameroon
681,Melissa,Estrada,mark10@example.org,2024-08-20,Christmas Island
682,Evan,Mitchell,tammycurry@example.com,2025-08-31,Bermuda
683,Kayla,Morris,wwilkins@example.com,2025-06-28,Bahrain
684,Kelly,Taylor,mark68@example.org,2025-03-12,New Zealand
685,Brian,Duncan,webbhaley@example.net,2024-05-17,New Caledonia
686,Melanie,Green,sara99@example.com,2024-11-03,Norfolk Island
687,Tyler,Morton,jeanettekrause@example.org,2024-01-15,Lao People's Democratic Republic
688,Colleen,Wilson,laurenduarte@example.com,2023-11-23,Guernsey
689,Ann,Walsh,davidsonhannah@example.com,2025-05-20,Gambia
690,Kevin,Pierce,wilsonmathew@example.com,2025-04-02,Nicaragua
691,Susan,Collier,markmorgan@example.net,2024-10-05,Lebanon
692,Laura,Brewer,dmoore@example.net,2025-08-05,Kyrgyz Republic
693,Kristen,Gutierrez,conleykevin@example.net,2025-02-27,Moldova
694,Amanda,Clark,lauren51@example.org,2024-05-13,Antarctica (the territory South of 60 deg S)
695,Matthew,Brooks,ashleyprice@example.net,2024-01-14,Slovenia
696,Karen,Thornton,jennifer46@example.org,2024-10-18,Dominica
697,Nathan,Gallegos,javier42@example.org,2024-07-20,Argentina
698,Kimberly,Gentry,zhunter@example.com,2025-08-12,Cape Verde
699,James,Mclean,kimberly21@example.net,2025-02-26,Bulgaria
700,Jamie,Johnson,hreeves@example.org,2023-10-24,Venezuela
701,Bradley,Charles,cookpamela@example.org,2024-11-04,Palestinian Territory
702,Julie,Johnson,danielle35@example.org,2024-03-09,Falkland Islands (Malvinas)
703,Amanda,Mejia,nelsoneric@example.org,2023-11-01,Nigeria
704,Anita,Garcia,andrea42@example.net,2025-05-30,Montserrat
705,John,Jones,amber02@example.org,2024-09-29,Peru
706,Brent,Reyes,simmonsharold@example.net,2025-08-02,Norfolk Island
707,Mary,Lyons,larry38@example.org,2025-10-01,Saudi Arabia
708,Kathy,Bradley,hesssamantha@example.com,2023-12-31,Georgia
709,Gabrielle,Mckinney,oruiz@example.org,2025-07-11,Nicaragua
710,Jonathan,Cox,hollyortega@example.com,2024-09-16,Antarctica (the territory South of 60 deg S)
711,Cameron,Rodriguez,kmurray@example.com,2025-05-04,Netherlands
712,Autumn,Romero,yroth@example.org,2024-06-15,Pakistan
713,Chad,Turner,amorales@example.org,2025-01-16,Mexico
714,Erik,Olson,petersonlisa@example.net,2024-08-31,Jordan
715,Ashley,Peterson,gilbertcaldwell@example.net,2025-08-31,Montserrat
716,Mary,Wilson,gnguyen@example.com,2024-02-26,Zimbabwe
717,Richard,George,pmurphy@example.net,2023-12-04,Cuba
718,Lisa,Clay,shermandonna@example.com,2024-11-12,Iceland
719,Christina,West,erinstewart@example.net,2025-05-23,Philippines
720,Kevin,Harding,wrobbins@example.org,2024-12-19,New Zealand
721,Valerie,Powell,melissabrown@example.net,2025-09-27,Afghanistan
722,Jacqueline,Hoover,daniel40@example.org,2024-08-31,Nauru
723,Phillip,Flores,bsullivan@example.net,2024-03-23,China
724,Thomas,Lopez,xbridges@example.com,2024-02-10,Tunisia
725,Elizabeth,Taylor,wongdouglas@example.com,2025-02-12,Burkina Faso
726,Christopher,May,ydalton@example.net,2025-01-04,Jamaica
727,Cindy,Gibson,carnold@example.com,2024-07-06,Colombia
728,Roger,Smith,pbradford@example.net,2024-10-21,Isle of Man
729,Sara,Johnston,goodashley@example.net,2024-07-16,Mozambique
730,Timothy,Vaughn,jessicafox@example.com,2024-09-24,Belgium
731,Alexandra,Bishop,thomasharmon@example.net,2023-12-17,North Macedonia
732,Amber,Riley,bergeramanda@example.org,2024-09-27,Malaysia
733,Rebecca,Berry,robert44@example.org,2023-11-15,Uzbekistan
734,Carla,Torres,bryan79@example.org,2024-12-12,Palestinian Territory
735,Veronica,Lamb,mitchellchristopher@example.net,2023-12-16,Slovenia
736,Joshua,Anderson,joshua40@example.net,2024-01-10,China
737,Renee,Stevenson,lwood@example.com,2025-05-15,Dominica
738,Todd,Lloyd,cooperchristopher@example.org,2024-12-29,Swaziland
739,Eric,Crawford,ptownsend@example.net,2024-09-06,Northern Mariana Islands
740,Gary,Lane,brian41@example.org,2024-02-20,Iran
741,Thomas,Alvarez,noahthornton@example.com,2024-04-29,Marshall Islands
742,Monica,Smith,ureyes@example.net,2025-03-03,Armenia
743,Connor,Schmidt,stephanie69@example.net,2025-07-09,Grenada
744,Joseph,Lang,destiny67@example.net,2025-04-20,Saint Martin
745,Emily,Townsend,erica25@example.net,2023-10-28,Algeria
746,Marie,Smith,foxgina@example.com,2024-03-29,Finland
747,Johnathan,Johnson,brownbrooke@example.org,2025-09-14,Northern Mariana Islands
748,David,Rosario,gatesdavid@example.net,2025-05-01,Oman
749,Ashlee,Coffey,dominguezjon@example.com,2025-02-14,Belarus
750,Danielle,Livingston,kayla54@example.org,2025-05-13,Falkland Islands (Malvinas)
751,Kimberly,Reyes,wendy44@example.org,2024-09-07,Liechtenstein
752,Tiffany,Gonzalez,fwhite@example.org,2024-02-03,Seychelles
753,Ryan,Mendez,gainesjennifer@example.org,2023-11-15,Barbados
754,Ashley,King,fsmith@example.org,2025-02-09,Afghanistan
755,Sarah,Ortega,edward56@example.net,2023-10-23,Russian Federation
756,Shelby,Henry,upowell@example.org,2024-11-18,Afghanistan
757,Patrick,Norris,imartinez@example.com,2024-06-20,Gabon
758,Richard,Chen,diazmelissa@example.com,2023-12-18,Kuwait
759,Kathleen,Roberts,gregorywilliams@example.com,2025-02-14,French Southern Territories
760,Heather,Mosley,tom73@example.org,2023-11-16,Anguilla
761,Jennifer,Watkins,yprice@example.net,2025-02-02,Luxembourg
762,Amanda,Flowers,blevy@example.org,2024-06-25,Guadeloupe
763,Kristin,Williams,lewisdesiree@example.net,2024-09-20,Philippines
764,Molly,Herrera,sandyjohnson@example.org,2024-10-12,Andorra
765,Thomas,Hardin,sanchezdeborah@example.org,2024-02-23,Australia
766,Rebecca,Hoover,bryantgeorge@example.net,2023-12-06,Svalbard & Jan Mayen Islands
767,Daniel,Crawford,bryanharris@example.com,2025-06-05,Saint Pierre and Miquelon
768,Erika,Nguyen,marcoconnell@example.org,2025-05-01,Nauru
769,Glenn,Brown,donald62@example.net,2024-07-17,Chad
770,Samuel,Frost,andersonkylie@example.net,2025-01-10,Slovakia (Slovak Republic)
771,Eric,Hobbs,smithharry@example.org,2025-03-20,Nauru
772,Olivia,Butler,nschwartz@example.org,2025-01-30,Mali
773,Shannon,Allen,cheryljohnson@example.org,2025-03-28,New Zealand
774,Stephanie,Burton,michael08@example.org,2024-03-09,Marshall Islands
775,Tiffany,Montgomery,stevensims@example.org,2024-05-10,Congo
776,Daniel,Hernandez,kjimenez@example.net,2025-08-25,Austria
777,Deanna,Mitchell,nking@example.com,2023-11-21,Saint Vincent and the Grenadines
778,Brian,Medina,kristenwashington@example.org,2023-12-11,Dominica
779,Jennifer,Watkins,robert53@example.org,2024-06-15,Bolivia
780,Joel,Gutierrez,nicholaswalker@example.com,2024-12-21,Austria
781,Pamela,Thomas,xthompson@example.org,2024-09-19,Congo
782,Crystal,Cantrell,matthewjohnson@example.net,2023-12-03,Burkina Faso
783,Daniel,Owens,vjackson@example.org,2025-07-29,Netherlands
784,Eric,Norton,belindatran@example.org,2023-12-23,Togo
785,Aimee,Atkins,brittanyhood@example.com,2023-10-31,Japan
786,Jill,Wright,ryan39@example.org,2025-08-18,Ukraine
787,Adam,Baird,esparzajessica@example.net,2023-11-14,Marshall Islands
788,Phillip,Pacheco,chavezjohn@example.net,2025-04-23,Puerto Rico
789,Jessica,Dodson,michaelallen@example.org,2023-11-01,Paraguay
790,Kevin,Warner,braysteven@example.org,2025-07-21,Iraq
791,Jackson,Savage,apadilla@example.net,2023-12-11,Uganda
792,Hannah,Schmidt,ronald49@example.net,2024-12-14,Cote d'Ivoire
793,Kristin,Miller,jill08@example.net,2024-07-13,Austria
794,Daniel,Diaz,diazgregory@example.net,2025-03-19,Monaco
795,Jenna,Harris,john17@example.net,2025-09-06,Mozambique
796,Monica,Warner,lukehurst@example.net,2025-03-01,Falkland Islands (Malvinas)
797,Brian,Watson,htucker@example.org,2024-09-28,Martinique
798,Erika,Patel,shannon51@example.org,2025-08-02,Kuwait
799,Christopher,Myers,keithfrye@example.org,2024-02-18,Bouvet Island (Bouvetoya)
800,Heidi,Crawford,abigailburton@example.com,2024-08-20,Pitcairn Islands
801,Amber,Anderson,robert04@example.org,2023-12-06,Tunisia
802,Laurie,Conley,robert55@example.com,2024-12-27,Qatar
803,Alyssa,Kelley,itorres@example.com,2024-02-23,Eritrea
804,Jeremy,Watson,kayla02@example.com,2024-05-15,Zimbabwe
805,Garrett,Glass,ian22@example.org,2024-04-11,Armenia
806,Victoria,Andrews,lgreen@example.org,2024-12-05,Antigua and Barbuda
807,Elizabeth,Spence,nathanfernandez@example.org,2024-11-14,British Virgin Islands
808,Samantha,Sullivan,dmack@example.com,2024-02-12,Saint Vincent and the Grenadines
809,Amy,Romero,thomas49@example.net,2024-02-05,Mongolia
810,Jessica,Nielsen,hannah70@example.org,2025-02-27,Brazil
811,Kyle,Morales,seandavis@example.org,2025-01-07,Congo
812,Brandy,Walker,james18@example.com,2025-02-26,Benin
813,Theresa,Foster,mstewart@example.net,2025-09-09,United States of America
814,Elizabeth,Sanders,xwood@example.org,2024-05-16,Guernsey
815,Kyle,Griffin,lewispamela@example.net,2025-10-15,Spain
816,Scott,Martin,achandler@example.org,2025-06-22,Netherlands Antilles
817,Christopher,Clark,hmcneil@example.com,2023-12-08,Nauru
818,Katelyn,Davis,rfowler@example.com,2024-02-25,Kyrgyz Republic
819,Jennifer,Fischer,jamescollier@example.com,2024-11-28,Armenia
820,Mackenzie,Turner,troy73@example.org,2025-05-21,Cape Verde
821,Jose,Blanchard,qmartinez@example.com,2024-08-20,Liechtenstein
822,Rebecca,Newman,wilsonjoshua@example.org,2024-12-31,Guyana
823,Bianca,Cunningham,courtney71@example.com,2024-10-29,Morocco
824,Andres,Green,thomassteven@example.net,2024-01-28,Central African Republic
825,Brian,Ward,brandon48@example.net,2025-09-04,Malaysia
826,James,Burton,georgegary@example.com,2025-07-19,Sweden
827,Megan,Marsh,gina51@example.net,2024-12-18,Swaziland
828,Douglas,Taylor,nathan76@example.com,2025-08-24,Central African Republic
829,Curtis,Moore,mariepope@example.net,2025-01-11,Switzerland
830,Stephanie,Mathis,butlersabrina@example.org,2025-06-10,Uzbekistan
831,Andre,Bailey,don79@example.net,2025-05-01,Guam
832,Gerald,Torres,walkermelissa@example.org,2025-03-06,Gambia
833,David,Anderson,colemankathryn@example.org,2023-12-16,Singapore
834,Todd,Reynolds,danielmcguire@example.net,2024-12-27,Latvia
835,David,King,turneralex@example.org,2025-05-14,Uruguay
836,Carolyn,Matthews,jackbell@example.org,2024-02-04,San Marino
837,Shelly,Rush,michael89@example.org,2024-10-24,Bangladesh
838,Cory,Lane,ricejennifer@example.com,2024-02-23,Saudi Arabia
839,Amanda,Beltran,glasssamantha@example.net,2024-10-02,Qatar
840,Bridget,Gonzales,whitemichael@example.com,2024-08-26,Malaysia
841,Jeremy,Rodriguez,david18@example.org,2024-10-17,Guyana
842,Janet,Hawkins,millertristan@example.com,2024-05-15,Netherlands Antilles
843,Jill,Mcdaniel,aperez@example.com,2025-10-10,Japan
844,Jacob,Jones,xcrosby@example.org,2023-10-30,Peru
845,Travis,Garcia,rmills@example.org,2024-01-16,Indonesia
846,Richard,Garza,figueroapatricia@example.org,2023-12-07,Congo
847,Matthew,Larson,bmartinez@example.net,2024-10-19,Serbia
848,Jennifer,Perkins,katelyn65@example.com,2025-02-19,Zambia
849,Richard,Washington,dylan71@example.org,2024-04-21,Luxembourg
850,Jerry,Dunlap,garciabrian@example.org,2024-10-19,Anguilla
851,Teresa,Reyes,eric99@example.org,2025-04-28,Panama
852,Karen,Saunders,qharris@example.com,2024-10-13,Eritrea
853,Amy,Pacheco,cisnerosanthony@example.com,2025-07-25,British Indian Ocean Territory (Chagos Archipelago)
854,Patrick,Edwards,cramos@example.org,2024-02-27,Palestinian Territory
855,Michelle,Turner,travistaylor@example.net,2024-07-31,Serbia
856,Daniel,Leonard,kalvarez@example.net,2023-11-30,Estonia
857,Troy,Arellano,katie45@example.org,2023-11-10,Aruba
858,David,Richardson,hubbardcolleen@example.com,2023-12-31,Guatemala
859,Victoria,Jenkins,stanleyjohn@example.net,2024-06-05,Belize
860,Renee,Jones,danny20@example.net,2024-06-15,Kuwait
861,Diane,Henderson,sadams@example.com,2024-12-23,Ghana
862,Nicholas,Myers,stokescraig@example.net,2024-03-19,Luxembourg
863,Wesley,Hubbard,garrett45@example.com,2024-03-16,North Macedonia
864,Melanie,Cobb,karlwilliams@example.net,2024-08-09,Czech Republic
865,Claudia,Rubio,vargasjoshua@example.net,2025-05-28,Lebanon
866,Ronald,Reed,pearsonkevin@example.com,2024-09-01,Mauritius
867,Lawrence,Perry,colleen78@example.org,2025-07-25,Niue
868,Jacqueline,Huffman,vlewis@example.com,2024-05-03,Northern Mariana Islands
869,Amanda,Mendez,umichael@example.net,2023-12-03,Cook Islands
870,Michael,Hernandez,juliecannon@example.com,2024-08-15,Tokelau
871,Maria,Brown,meghanadams@example.com,2025-02-04,Equatorial Guinea
872,Gloria,Young,daniellee@example.org,2025-05-25,Georgia
873,Steven,Castro,chenderson@example.org,2024-02-14,Burkina Faso
874,Anthony,Clarke,donna20@example.net,2024-10-10,Angola
875,Brian,Mosley,carolyn16@example.com,2025-02-22,Turks and Caicos Islands
876,Christopher,Hahn,joelduncan@example.net,2025-09-01,Mali
877,Elizabeth,Carpenter,tyler13@example.net,2024-01-18,Sri Lanka
878,Lawrence,Collier,vshaffer@example.org,2025-09-03,Cuba
879,Drew,Thompson,scott49@example.org,2024-10-13,Holy See (Vatican City State)
880,Holly,Rodriguez,pwells@example.com,2025-07-24,Vietnam
881,Dustin,Alvarez,lori09@example.org,2025-06-27,Panama
882,Lauren,Brown,johnnycruz@example.net,2025-09-20,Guyana
883,Rebecca,Jennings,miaprice@example.com,2025-08-29,United States Virgin Islands
884,Jonathan,Davis,kennethvillarreal@example.org,2025-08-20,Norfolk Island
885,Logan,Burnett,rmccormick@example.org,2025-06-13,Wallis and Futuna
886,Travis,Mclaughlin,jennifer12@example.net,2024-04-28,Bahrain
887,Michael,Guzman,shawn00@example.net,2025-02-01,Norfolk Island
888,Scott,Davidson,moralescourtney@example.com,2024-12-14,Bouvet Island (Bouvetoya)
889,Eric,Black,melaniejennings@example.com,2024-09-15,Tunisia
890,Jill,Green,lauren31@example.com,2024-07-15,India
891,Nancy,Duffy,andrewjohnson@example.net,2025-02-05,Niue
892,Jeremy,Davis,sgonzalez@example.org,2023-11-26,Niger
893,Roy,Green,rubiogeorge@example.net,2024-01-14,Saint Barthelemy
894,Alicia,Ayala,fwilcox@example.org,2024-04-02,Costa Rica
895,James,Atkins,keith76@example.org,2024-08-31,Costa Rica
896,Carol,Carney,jessica36@example.org,2024-08-14,Cameroon
897,Anthony,Cherry,christinesolomon@example.com,2024-12-20,Oman
898,Stephen,Smith,monicamccann@example.com,2025-03-06,Rwanda
899,Patrick,Henderson,charles80@example.org,2024-06-20,Dominica
900,Thomas,Gomez,smithwilliam@example.com,2024-05-29,Indonesia
901,Emily,Anderson,carpenterjorge@example.net,2024-10-15,Guadeloupe
902,Natalie,Anderson,jennifer62@example.com,2024-01-14,Aruba
903,Tiffany,Porter,julie64@example.com,2025-01-11,Senegal
904,Sara,Black,ustafford@example.net,2025-10-17,Serbia
905,Stephanie,Peters,jbrown@example.org,2024-04-06,Argentina
906,Thomas,Martin,fgraham@example.org,2024-09-07,Russian Federation
907,Ann,Ellis,singletonmichelle@example.org,2024-07-02,Costa Rica
908,Miranda,White,karencarson@example.net,2025-08-02,Myanmar
909,Jason,Bolton,foxashley@example.com,2025-08-23,Egypt
910,Kayla,Rhodes,anthony16@example.com,2024-12-25,Zambia
911,Daniel,Morris,millermariah@example.net,2024-10-05,Niue
912,Stephanie,Wheeler,riverabradley@example.net,2025-09-15,Greece
913,Stacey,Cooke,jasonwilliams@example.net,2024-05-14,South Georgia and the South Sandwich Islands
914,Brian,Jones,qdavis@example.org,2024-04-13,Sierra Leone
915,Michelle,Davis,frankchan@example.com,2025-02-05,Zimbabwe
916,Destiny,Martinez,vowen@example.com,2025-08-11,Netherlands
917,David,Wade,william77@example.com,2024-10-03,Mongolia
918,Caroline,Davis,nshepherd@example.org,2024-09-02,Japan
919,Christopher,Palmer,prhodes@example.net,2025-03-25,Venezuela
920,Tyler,Soto,robertssamuel@example.com,2024-05-27,Brunei Darussalam
921,Gabrielle,Evans,alexandraphillips@example.org,2024-11-26,United States Virgin Islands
922,Brandon,Rodriguez,dgutierrez@example.net,2025-03-30,Suriname
923,Jon,Scott,mackallen@example.net,2025-02-15,Christmas Island
924,Kristi,Cameron,millernancy@example.com,2024-06-06,Saint Kitts and Nevis
925,Spencer,Santiago,matthew23@example.org,2023-12-17,Netherlands
926,Jordan,Nunez,aferguson@example.com,2024-01-14,Chile
927,Diana,Stevens,vmelton@example.net,2025-04-03,Gabon
928,Christine,Dickson,hannah64@example.org,2024-01-20,American Samoa
929,James,Cabrera,micheleclark@example.net,2024-02-04,Dominican Republic
930,Ryan,Garrett,christophercarrillo@example.org,2024-10-01,Angola
931,Darren,Barrera,emaynard@example.org,2025-07-10,Myanmar
932,John,Phillips,awilliams@example.org,2025-01-23,Rwanda
933,Ryan,Perry,mmclaughlin@example.net,2024-11-29,French Guiana
934,Benjamin,Ross,dhall@example.net,2023-11-03,Morocco
935,Leslie,Brown,hsmall@example.com,2025-01-18,Oman
936,Michael,Terry,martinjessica@example.com,2024-06-28,Djibouti
937,William,Matthews,sandra72@example.com,2025-04-01,Iceland
938,Susan,Whitaker,laura29@example.org,2024-05-14,San Marino
939,Christopher,Webb,jamesobrien@example.org,2025-05-23,Western Sahara
940,Victoria,Torres,angelakidd@example.com,2025-07-25,Guinea-Bissau
941,Erica,Thompson,romanmatthew@example.org,2025-01-14,British Indian Ocean Territory (Chagos Archipelago)
942,Anna,Tucker,kristen08@example.com,2025-08-06,Timor-Leste
943,Hannah,Robertson,mccarthysara@example.com,2025-05-27,Tajikistan
944,Katelyn,Villegas,colonbobby@example.org,2024-02-20,British Indian Ocean Territory (Chagos Archipelago)
945,Monica,Bartlett,jessicaerickson@example.net,2024-10-19,Trinidad and Tobago
946,Cory,Holland,lori13@example.com,2025-09-28,Seychelles
947,Kayla,Sanchez,gpeterson@example.org,2023-12-22,Holy See (Vatican City State)
948,Jennifer,Perry,edwardmolina@example.com,2025-05-18,Burundi
949,Laurie,Gutierrez,hvillanueva@example.net,2024-07-11,Antarctica (the territory South of 60 deg S)
950,Scott,Carrillo,millerleroy@example.org,2024-09-02,India
951,Katherine,Keller,rachelbrown@example.net,2025-10-06,South Georgia and the South Sandwich Islands
952,Donna,Meyer,robert84@example.net,2025-04-15,United States of America
953,Max,Wilcox,isabellagriffin@example.org,2025-07-30,Nigeria
954,Kristina,Pearson,pam63@example.com,2023-12-21,Mauritania
955,Matthew,Hardy,abigailfernandez@example.org,2023-12-27,Micronesia
956,Larry,Peterson,andrewzamora@example.net,2024-12-27,Dominican Republic
957,Marilyn,Torres,hbenitez@example.net,2023-12-03,Holy See (Vatican City State)
958,Jordan,Romero,williamsdebra@example.org,2024-09-13,Montserrat
959,Jillian,Chavez,lindazhang@example.net,2025-03-26,Wallis and Futuna
960,Courtney,Ferguson,michaelmitchell@example.net,2024-12-12,Burundi
961,Jennifer,Stone,danielblack@example.org,2025-06-13,Guyana
962,Shawn,Thomas,fpoole@example.org,2023-12-05,Tuvalu
963,David,Lewis,woodalicia@example.net,2024-12-02,Slovakia (Slovak Republic)
964,Ralph,Baker,cfields@example.net,2025-08-31,Liechtenstein
965,Jessica,Butler,drewmartinez@example.net,2024-09-19,Romania
966,William,Rice,stanleyjohnson@example.org,2025-09-10,Heard Island and McDonald Islands
967,Sandra,Wilson,xrodriguez@example.net,2024-05-19,Mali
968,Eric,Watson,kevin70@example.org,2024-02-01,Namibia
969,Robert,Zuniga,pamela32@example.net,2024-10-12,British Virgin Islands
970,Amy,Jones,butlerashley@example.net,2024-09-15,Guadeloupe
971,Kimberly,Alvarez,kathleenwagner@example.com,2025-04-29,Papua New Guinea
972,Shane,Cline,christopher99@example.com,2024-07-30,United Arab Emirates
973,Randall,Weaver,pfitzgerald@example.org,2025-07-15,Russian Federation
974,Angel,Mccoy,ann18@example.org,2024-03-09,Niger
975,Amber,Todd,karenshaw@example.org,2024-01-16,Vietnam
976,Amanda,Rivers,kristin39@example.com,2023-12-21,Martinique
977,Catherine,Morales,henrysarah@example.com,2024-09-04,Israel
978,Andrew,Rice,hscott@example.org,2024-11-20,France
979,Douglas,Scott,moorestephanie@example.net,2024-02-21,Nicaragua
980,Susan,White,evanscorey@example.org,2024-08-17,Gibraltar
981,Jonathan,David,williamsjohn@example.net,2024-12-22,Lithuania
982,William,Gordon,adamslucas@example.net,2024-08-13,Liberia
983,Anthony,Schultz,adamstabitha@example.net,2024-01-03,Serbia
984,Angela,Glover,ashley71@example.net,2024-10-20,Slovenia
985,Tammy,Brooks,kimberlymedina@example.com,2025-09-22,Moldova
986,Shannon,Smith,nwoodward@example.com,2025-02-09,Chad
987,Aaron,Mahoney,qnelson@example.net,2024-07-24,Guernsey
988,Megan,Lewis,brandon89@example.org,2024-05-27,Indonesia
989,Holly,Rivas,natalie39@example.net,2025-09-19,Ghana
990,Nicole,Dougherty,tiffany74@example.org,2025-02-16,Gibraltar
991,Matthew,Stevens,allen20@example.net,2024-10-03,United Arab Emirates
992,Albert,Thompson,ifarmer@example.org,2025-05-18,Pakistan
993,Denise,Ryan,wchambers@example.com,2025-06-16,Guinea-Bissau
994,Paul,Combs,martinezmitchell@example.org,2024-09-09,Cyprus
995,Julia,Chang,james94@example.net,2024-03-30,Lithuania
996,Tammy,Johnson,tconway@example.net,2024-03-21,Congo
997,Tracey,Little,kaneashley@example.com,2024-02-22,Congo
998,Donna,Knight,cameronanderson@example.org,2024-01-22,Venezuela
999,Ashley,Perez,james08@example.net,2024-04-22,Monaco
1000,Nicole,Smith,pdavidson@example.org,2025-07-06,Gibraltar
